{
  "users": [
    {
      "first_name": "Иван",
      "last_name": "Иванов",
      "age": 37,
      "hobbies": [
        "рыбалка",
        "охота",
        "футбол"
      ],
      "married": true,
      "children": [
        "Мария",
        "Николай"
      ]
    },
    {
      "first_name": "Ольга",
      "last_name": "Фролова",
      "age": 21,
      "hobbies": [
        "путешествия",
        "вышивание"
      ],
      "married": false,
      "children": null
    }
  ]
}